{
  "__comment": "Designed_by_Mechanan_with_BDcraft_Cubik_PRO_0.95_Beta_-_http://bdcraft.net",
  "textures": {
    "texture": "block/smoke_ball",
    "particle": "block/smoke_ball",
    "portal": "block/smoke_effect"
  },
  "elements": [
    {
      "from": [
        16,
        -8,
        0
      ],
      "to": [
        16.0625,
        8,
        22.5
      ],
      "rotation": {
        "origin": [
          16,
          0,
          0
        ],
        "axis": "y",
        "angle": -45
      },
      "faces": {
        "west": {
          "uv": [
            0,
            0,
            16,
            16
          ],
          "texture": "#texture"
        },
        "east": {
          "uv": [
            0,
            0,
            16,
            16
          ],
          "texture": "#texture"
        }
      }
    },
    {
      "from": [
        0,
        -8,
        0
      ],
      "to": [
        22.5,
        8,
        0.0625
      ],
      "rotation": {
        "origin": [
          0,
          0,
          0
        ],
        "axis": "y",
        "angle": -45
      },
      "faces": {
        "north": {
          "uv": [
            0,
            0,
            16,
            16
          ],
          "texture": "#texture"
        },
        "south": {
          "uv": [
            0,
            0,
            16,
            16
          ],
          "texture": "#texture"
        }
      }
    }
  ]
}
